taxID,accession,family,evalue,evalue_cond,score,domain_coord,domain_len,domain,Header,Probability,Prediction_x,SP(Sec/SPI),CS Position
269800.0,AAZ54658.1,GH6,5.3e-64,3.4e-67,214.0,189:478,289.0,Bacteria,AAZ54658.1 cellobiohydrolase. Glycosyl Hydrolase family 6 [Thermobifida fusca YX],0.5304023908645028,Thermophilic/Hyperthermophilic,0.57022,CS pos: 38-39. Pr: 0.5511
269800.0,AAZ55112.1,GH6,3.9e-69,2.5000000000000003e-72,230.9,41:305,264.0,Bacteria,AAZ55112.1 endoglucanase. Glycosyl Hydrolase family 6 [Thermobifida fusca YX],0.8421177425904823,Thermophilic/Hyperthermophilic,0.998995,CS pos: 31-32. Pr: 0.9705
269800.0,AAZ55662.1,GH9,7.8e-124,5.0000000000000006e-127,411.4,300:771,471.0,Bacteria,"AAZ55662.1 cellulose 1,4-beta-cellobiosidase / endoglucanase. Glycosyl Hydrolase family 9 [Thermobifida fusca YX]",0.8995462075013236,Thermophilic/Hyperthermophilic,0.716723,CS pos: 57-58. Pr: 0.6494
269800.0,AAZ55992.1,GH48,8.3e-284,2.7e-287,940.3,343:978,635.0,Bacteria,"AAZ55992.1 cellulose 1,4-beta-cellobiosidase [Thermobifida fusca YX]",0.800143451628421,Thermophilic/Hyperthermophilic,0.997283,CS pos: 34-35. Pr: 0.9704
269800.0,AAZ56209.1,GH9,2.1e-176,1.3e-179,584.7,50:484,434.0,Bacteria,AAZ56209.1 endoglucanase. Glycosyl Hydrolase family 9 [Thermobifida fusca YX],0.9602725679578662,Thermophilic/Hyperthermophilic,0.8313,CS pos: 46-47. Pr: 0.7862
351607.0,ABK51910.1,GH6,5e-40,4.699999999999999e-43,134.8,57:274,217.0,Bacteria,ABK51910.1 Cellulase [Acidothermus cellulolyticus 11B],0.9318685379456132,Thermophilic/Hyperthermophilic,0.998886,CS pos: 29-30. Pr: 0.8837
351607.0,ABK51910.1,GH6,3.1e-18,2.9e-21,63.2,350:406,56.0,Bacteria,ABK51910.1 Cellulase [Acidothermus cellulolyticus 11B],0.9318685379456132,Thermophilic/Hyperthermophilic,0.998886,CS pos: 29-30. Pr: 0.8837
351607.0,ABK52387.1,GH5_1,5.3000000000000005e-124,2.5e-127,410.4,53:371,318.0,Bacteria,"ABK52387.1 glycoside hydrolase, family 5 [Acidothermus cellulolyticus 11B]",0.9470977357085876,Thermophilic/Hyperthermophilic,0.998912,CS pos: 41-42. Pr: 0.9496
351607.0,ABK52390.1,GH48,3.8e-270,1.7000000000000002e-273,894.6,233:864,631.0,Bacteria,"ABK52390.1 cellulose 1,4-beta-cellobiosidase [Acidothermus cellulolyticus 11B]",0.9817344904668032,Thermophilic/Hyperthermophilic,0.998604,CS pos: 34-35. Pr: 0.9691
351607.0,ABK53473.1,GH9,4.4e-159,4.1e-162,527.1,45:490,445.0,Bacteria,ABK53473.1 processive endocellulase [Acidothermus cellulolyticus 11B],0.9810683945608206,Thermophilic/Hyperthermophilic,0.998342,CS pos: 37-38. Pr: 0.9579
1515.0,ABN51513.1,GH9,6.4e-145,3.6e-147,480.9,30:450,420.0,Bacteria,ABN51513.1 glycoside hydrolase family 9 [Acetivibrio thermocellus ATCC 27405],0.5226476240235223,Thermophilic/Hyperthermophilic,0.999332,CS pos: 26-27. Pr: 0.9814
1515.0,ABN51859.1,GH44,1.5e-274,4.8e-278,908.9,773:1284,511.0,Bacteria,ABN51859.1 glycoside hydrolase family 9 [Acetivibrio thermocellus ATCC 27405],0.8203159835631432,Thermophilic/Hyperthermophilic,0.99921,CS pos: 27-28. Pr: 0.9716
1515.0,ABN51859.1,GH9,2.3e-101,1.3e-103,337.5,314:749,435.0,Bacteria,ABN51859.1 glycoside hydrolase family 9 [Acetivibrio thermocellus ATCC 27405],0.8203159835631432,Thermophilic/Hyperthermophilic,0.99921,CS pos: 27-28. Pr: 0.9716
1515.0,ABN53395.1,GH5_2,1.2e-07,1.9e-10,28.9,102:182,80.0,Bacteria,ABN53395.1 Carbohydrate binding family 6 [Acetivibrio thermocellus ATCC 27405],0.8395288285399193,Thermophilic/Hyperthermophilic,0.999169,CS pos: 36-37. Pr: 0.9611
1515.0,ABN53960.1,GH9,6.9e-149,3.9e-151,494.0,29:453,424.0,Bacteria,ABN53960.1 glycoside hydrolase family 9 [Acetivibrio thermocellus ATCC 27405],0.6227705857759029,Thermophilic/Hyperthermophilic,0.999204,CS pos: 24-25. Pr: 0.9752
351627.0,ABP66691.1,GH44,9.1e-268,3.3999999999999995e-271,886.3,783:1303,520.0,Bacteria,"ABP66691.1 glycoside hydrolase, family 5 [Caldicellulosiruptor saccharolyticus DSM 8903]",0.902001194917198,Thermophilic/Hyperthermophilic,0.999004,CS pos: 38-39. Pr: 0.9442
351627.0,ABP66691.1,GH5_1,4.7999999999999995e-46,1.4e-48,154.7,50:297,247.0,Bacteria,"ABP66691.1 glycoside hydrolase, family 5 [Caldicellulosiruptor saccharolyticus DSM 8903]",0.902001194917198,Thermophilic/Hyperthermophilic,0.999004,CS pos: 38-39. Pr: 0.9442
351627.0,ABP66693.1,GH9,8.699999999999999e-171,9.8e-174,565.9,41:460,419.0,Bacteria,"ABP66693.1 Cellulase., Cellulose 1,4-beta-cellobiosidase [Caldicellulosiruptor saccharolyticus DSM 8903]",0.959855752151951,Thermophilic/Hyperthermophilic,0.787438,CS pos: 37-38. Pr: 0.7694
309799.0,ACI18413.1,GH5_4,2.1e-83,5.6e-86,276.5,55:322,267.0,Bacteria,ACI18413.1 endoglucanase B [Dictyoglomus thermophilum H-6-12],0.9639552055015383,Thermophilic/Hyperthermophilic,0.999207,CS pos: 22-23. Pr: 0.9767
309799.0,ACI19111.1,GH12,2.4e-20,1.2e-23,69.8,116:287,171.0,Bacteria,ACI19111.1 endoglucanase [Dictyoglomus thermophilum H-6-12],0.9710077393083082,Thermophilic/Hyperthermophilic,0.999013,CS pos: 20-21. Pr: 0.9691
309799.0,ACI19692.1,GH5_25,2.9e-126,7.5e-129,417.1,28:305,277.0,Bacteria,ACI19692.1 endoglucanase H [Dictyoglomus thermophilum H-6-12],0.8082102825810379,Thermophilic/Hyperthermophilic,0.999148,CS pos: 21-22. Pr: 0.9747
515635.0,ACK41916.1,GH12,1.3e-20,7.4e-24,70.5,116:286,170.0,Bacteria,ACK41916.1 glycoside hydrolase family 12 [Dictyoglomus turgidum DSM 6724],0.970961116445478,Thermophilic/Hyperthermophilic,0.998938,CS pos: 20-21. Pr: 0.9614
515635.0,ACK41954.1,GH5_25,3.6e-125,1e-127,413.4,28:305,277.0,Bacteria,ACK41954.1 Cellulase [Dictyoglomus turgidum DSM 6724],0.9445377795594272,Thermophilic/Hyperthermophilic,0.999149,CS pos: 21-22. Pr: 0.9651
515635.0,ACK42859.1,GH5_4,2.8999999999999997e-84,8.3e-87,279.2,55:322,267.0,Bacteria,ACK42859.1 Cellulase [Dictyoglomus turgidum DSM 6724],0.980187974368568,Thermophilic/Hyperthermophilic,0.832543,CS pos: 22-23. Pr: 0.8091
490899.0,ACL10732.1,GH5_1,8.4e-07,5.7e-10,24.9,63:272,209.0,Archaea,"ACL10732.1 arabinogalactan endo-1,4-beta-galactosidase, putative [Desulfurococcus amylolyticus 1221n]",0.9759718282316824,Thermophilic/Hyperthermophilic,0.607737,CS pos: 28-29. Pr: 0.3171
309803.0,ACM23283.1,GH12,8.9e-26,9.2e-29,87.4,103:272,169.0,Bacteria,"ACM23283.1 Endo-1,4-beta-glucanase B [Thermotoga neapolitana DSM 4359]",0.7084692778750227,Thermophilic/Hyperthermophilic,0.999172,CS pos: 17-18. Pr: 0.9822
521460.0,ACM59720.1,GH5_2,1e-94,1.5e-97,313.6,70:319,249.0,Bacteria,ACM59720.1 Cellulase [Caldicellulosiruptor bescii DSM 6725],0.902403741546309,Thermophilic/Hyperthermophilic,0.993267,CS pos: 29-30. Pr: 0.9136
53635.0,ACU54908.1,GH5_2,1.5e-18,1.5e-21,64.0,70:326,256.0,Bacteria,ACU54908.1 cellulose-binding family II [Acidimicrobium ferrooxidans DSM 10331],0.9746820664910985,Thermophilic/Hyperthermophilic,0.998925,CS pos: 28-29. Pr: 0.8853
518766.0,ACY46934.1,GH5_2,3.9e-29,1.4e-32,99.1,58:321,263.0,Bacteria,ACY46934.1 glycoside hydrolase family 5 [Rhodothermus marinus DSM 4252],0.8865682117605229,Thermophilic/Hyperthermophilic,0.832865,CS pos: 17-18. Pr: 0.8184
518766.0,ACY46985.1,GH9,1.1e-09,1.2e-12,35.2,549:780,231.0,Bacteria,ACY46985.1 glycoside hydrolase family 9 [Rhodothermus marinus DSM 4252],0.999990945104952,Thermophilic/Hyperthermophilic,0.999109,CS pos: 18-19. Pr: 0.9766
471852.0,ACY97312.1,GH6,2.0999999999999998e-55,4.3e-59,186.5,67:388,321.0,Bacteria,ACY97312.1 glycoside hydrolase family 6 [Thermomonospora curvata DSM 43183],0.9821952594367784,Thermophilic/Hyperthermophilic,0.996224,CS pos: 41-42. Pr: 0.9696
471852.0,ACY97312.1,GH6,2.0999999999999998e-55,4.3e-59,186.5,67:388,321.0,Bacteria,ACY97312.1 glycoside hydrolase family 6 [Thermomonospora curvata DSM 43183],0.9821952594367784,Thermophilic/Hyperthermophilic,0.996224,CS pos: 41-42. Pr: 0.9696
469371.0,ADG87082.1,GH12,1.9e-43,5.5e-47,145.5,122:264,142.0,Bacteria,ADG87082.1 glycoside hydrolase family 12 [Thermobispora bispora DSM 43833],0.9548836957245244,Thermophilic/Hyperthermophilic,0.998566,CS pos: 41-42. Pr: 0.9628
469371.0,ADG87649.1,GH5_1,1.3e-20,1.1e-23,71.6,38:290,252.0,Bacteria,ADG87649.1 cellulose-binding family II [Thermobispora bispora DSM 43833],0.7257353225924822,Thermophilic/Hyperthermophilic,0.999306,CS pos: 28-29. Pr: 0.9772
469371.0,ADG88849.1,GH48,5.399999999999999e-289,1.5e-292,957.6,158:781,623.0,Bacteria,ADG88849.1 glycoside hydrolase family 48 [Thermobispora bispora DSM 43833],0.7449555690507274,Thermophilic/Hyperthermophilic,0.997259,CS pos: 12-13. Pr: 0.9657
469371.0,ADG89357.1,GH6,3.9000000000000005e-67,2.2e-70,224.5,208:492,284.0,Bacteria,ADG89357.1 glycoside hydrolase family 6 [Thermobispora bispora DSM 43833],0.6990737508015525,Thermophilic/Hyperthermophilic,0.998399,CS pos: 39-40. Pr: 0.9658
469371.0,ADG89529.1,GH6,2e-62,1.1e-65,209.1,44:307,263.0,Bacteria,ADG89529.1 glycoside hydrolase family 6 [Thermobispora bispora DSM 43833],0.9036146022130844,Thermophilic/Hyperthermophilic,0.998327,CS pos: 34-35. Pr: 0.9589
749414.0,ADI05235.1,GH9,3.2e-119,1.3e-122,397.9,136:604,468.0,Bacteria,ADI05235.1 endoglucanase [Streptomyces bingchenggensis BCW-1],0.9529715850892744,Thermophilic/Hyperthermophilic,0.999078,CS pos: 32-33. Pr: 0.9903
749414.0,ADI06662.1,GH6,3.1000000000000003e-57,2.5e-60,193.5,42:307,265.0,Bacteria,ADI06662.1 glycoside hydrolase family 6 [Streptomyces bingchenggensis BCW-1],0.7285589221343473,Thermophilic/Hyperthermophilic,0.999101,CS pos: 28-29. Pr: 0.9734
749414.0,ADI09008.1,GH6,2.7e-56,2.1e-59,190.4,49:312,263.0,Bacteria,ADI09008.1 endoglucanase [Streptomyces bingchenggensis BCW-1],0.9842725565044376,Thermophilic/Hyperthermophilic,0.832489,CS pos: 13-14. Pr: 0.7939
749414.0,ADI09891.1,GH5_5,2.2e-08,2e-11,32.8,74:228,154.0,Bacteria,ADI09891.1 putative hydrolase [Streptomyces bingchenggensis BCW-1],0.8347448168452132,Thermophilic/Hyperthermophilic,0.998382,CS pos: 47-48. Pr: 0.9533
749414.0,ADI10021.1,GH48,7.6e-287,7.6e-291,952.0,329:957,628.0,Bacteria,"ADI10021.1 cellulose 1,4-beta-cellobiosidase [Streptomyces bingchenggensis BCW-1]",0.8792010642935497,Thermophilic/Hyperthermophilic,0.997027,CS pos: 25-26. Pr: 0.9640
749414.0,ADI12268.1,GH5_1,7.3e-21,3.599999999999999e-24,73.9,55:301,246.0,Bacteria,ADI12268.1 putative glycosylhydrolase [Streptomyces bingchenggensis BCW-1],0.8345047839435384,Thermophilic/Hyperthermophilic,0.999232,CS pos: 29-30. Pr: 0.9818
749414.0,ADI12317.1,GH44,3.5e-85,3.5000000000000004e-89,285.8,38:562,524.0,Bacteria,ADI12317.1 endoglucanase [Streptomyces bingchenggensis BCW-1],0.9175921325699732,Thermophilic/Hyperthermophilic,0.666068,CS pos: 25-26. Pr: 0.6511
749414.0,ADI13081.1,GH5_4,9e-85,6.3e-88,283.3,78:359,281.0,Bacteria,ADI13081.1 glycoside hydrolase family 5 [Streptomyces bingchenggensis BCW-1],0.5993144632303705,Thermophilic/Hyperthermophilic,0.998885,CS pos: 38-39. Pr: 0.9568
749414.0,ADI13085.1,GH6,5.8e-56,4.7e-59,189.3,42:305,263.0,Bacteria,ADI13085.1 putative cellulase CelA1 [Streptomyces bingchenggensis BCW-1],0.7039090826303095,Thermophilic/Hyperthermophilic,0.999151,CS pos: 27-28. Pr: 0.9763
591019.0,ADI31911.1,GH5_1,2e-116,1.3e-119,385.1,63:382,319.0,Archaea,ADI31911.1 Cellulase [Staphylothermus hellenicus DSM 12710],0.6643923453901012,Thermophilic/Hyperthermophilic,0.942287,CS pos: 28-29. Pr: 0.9451
608506.0,ADL41864.1,GH5_2,7e-93,9.7e-96,307.3,70:319,249.0,Bacteria,ADL41864.1 glycoside hydrolase family 5 [Caldicellulosiruptor obsidiansis OB47],0.8266909144376192,Thermophilic/Hyperthermophilic,0.999041,CS pos: 29-30. Pr: 0.9666
608506.0,ADL42945.1,GH48,0.0,0.0,1049.3,1271:1893,622.0,Bacteria,"ADL42945.1 Cellulose 1,4-beta-cellobiosidase [Caldicellulosiruptor obsidiansis OB47]",0.9615394853983074,Thermophilic/Hyperthermophilic,0.998962,CS pos: 27-28. Pr: 0.9639
608506.0,ADL42950.1,GH9,7.1e-168,9.7e-171,556.0,41:460,419.0,Bacteria,"ADL42950.1 Cellulase., Mannan endo-1,4-beta-mannosidase [Caldicellulosiruptor obsidiansis OB47]",0.953790365277914,Thermophilic/Hyperthermophilic,0.647369,CS pos: 37-38. Pr: 0.3341
608506.0,ADL42950.1,GH5_1,1.2999999999999999e-46,1.8e-49,156.2,1119:1366,247.0,Bacteria,"ADL42950.1 Cellulase., Mannan endo-1,4-beta-mannosidase [Caldicellulosiruptor obsidiansis OB47]",0.953790365277914,Thermophilic/Hyperthermophilic,0.647369,CS pos: 37-38. Pr: 0.3341
608506.0,ADL42951.1,GH5_1,3.8e-120,5.2000000000000006e-123,397.8,862:1202,340.0,Bacteria,"ADL42951.1 Cellulose 1,4-beta-cellobiosidase [Caldicellulosiruptor obsidiansis OB47]",0.9097258240145932,Thermophilic/Hyperthermophilic,0.975861,CS pos: 36-37. Pr: 0.8924
632518.0,ADQ04043.1,GH5_2,4.1e-95,1.9e-98,314.6,70:319,249.0,Bacteria,ADQ04043.1 glycoside hydrolase family 5 [Caldicellulosiruptor owensensis OL],0.5269865913182022,Thermophilic/Hyperthermophilic,0.998968,CS pos: 29-30. Pr: 0.9534
632292.0,ADQ07774.1,GH5_2,2.3e-93,2.8e-96,309.1,70:319,249.0,Bacteria,ADQ07774.1 glycoside hydrolase family 5 [Caldicellulosiruptor hydrothermalis 108],0.6940894052966577,Thermophilic/Hyperthermophilic,0.977345,CS pos: 29-30. Pr: 0.8766
301953.0,ADQ39606.1,GH44,4.4999999999999997e-265,1.7999999999999998e-268,877.3,1229:1749,520.0,Bacteria,ADQ39606.1 type 3a cellulose-binding domain protein [Caldicellulosiruptor acetigenus I77R1B],0.9159380162937368,Thermophilic/Hyperthermophilic,0.998866,CS pos: 31-32. Pr: 0.9721
301953.0,ADQ41479.1,GH5_2,1.1e-94,4.3e-98,313.5,70:319,249.0,Bacteria,ADQ41479.1 glycoside hydrolase family 5 [Caldicellulosiruptor acetigenus I77R1B],0.8165761822021308,Thermophilic/Hyperthermophilic,0.914938,CS pos: 29-30. Pr: 0.7595
632348.0,ADQ45728.1,GH44,1.6e-269,6.400000000000001e-273,892.0,763:1283,520.0,Bacteria,"ADQ45728.1 Mannan endo-1,4-beta-mannosidase [Caldicellulosiruptor kronotskyensis 2002]",0.8653383121114699,Thermophilic/Hyperthermophilic,0.999126,CS pos: 38-39. Pr: 0.9693
632348.0,ADQ45728.1,GH5_1,1.5e-46,3e-49,156.3,51:297,246.0,Bacteria,"ADQ45728.1 Mannan endo-1,4-beta-mannosidase [Caldicellulosiruptor kronotskyensis 2002]",0.8653383121114699,Thermophilic/Hyperthermophilic,0.999126,CS pos: 38-39. Pr: 0.9693
632348.0,ADQ45730.1,GH5_1,8.6e-120,1.7000000000000002e-122,396.8,818:1158,340.0,Bacteria,"ADQ45730.1 Mannan endo-1,4-beta-mannosidase [Caldicellulosiruptor kronotskyensis 2002]",0.9085068272681084,Thermophilic/Hyperthermophilic,0.999126,CS pos: 38-39. Pr: 0.9693
632348.0,ADQ45730.1,GH5_1,7.7e-47,1.5999999999999998e-49,157.2,51:297,246.0,Bacteria,"ADQ45730.1 Mannan endo-1,4-beta-mannosidase [Caldicellulosiruptor kronotskyensis 2002]",0.9085068272681084,Thermophilic/Hyperthermophilic,0.999126,CS pos: 38-39. Pr: 0.9693
632348.0,ADQ45731.1,GH9,1.8e-170,2.9e-173,564.8,41:460,419.0,Bacteria,ADQ45731.1 Cellulase [Caldicellulosiruptor kronotskyensis 2002],0.7931227729989213,Thermophilic/Hyperthermophilic,0.799366,CS pos: 37-38. Pr: 0.7569
697281.0,AEE96307.1,GH9,2.1e-166,1.5e-169,551.6,37:469,432.0,Bacteria,AEE96307.1 glycoside hydrolase family 9 [Mahella australiensis 50-1 BON],0.6156302711632429,Thermophilic/Hyperthermophilic,0.998997,CS pos: 33-34. Pr: 0.9650
697281.0,AEE96308.1,GH48,6.9e-279,2.4e-282,923.9,42:665,623.0,Bacteria,AEE96308.1 glycoside hydrolase family 48 [Mahella australiensis 50-1 BON],0.6486672797450085,Thermophilic/Hyperthermophilic,0.832454,CS pos: 32-33. Pr: 0.8023
697281.0,AEE96311.1,GH5_4,3.8999999999999996e-90,8.2e-93,299.1,60:343,283.0,Bacteria,AEE96311.1 glycoside hydrolase family 5 [Mahella australiensis 50-1 BON],0.598420926501616,Thermophilic/Hyperthermophilic,0.999181,CS pos: 32-33. Pr: 0.9735
697281.0,AEE96314.1,GH9,2.8e-135,1.8999999999999998e-138,449.0,38:470,432.0,Bacteria,AEE96314.1 glycoside hydrolase family 9 [Mahella australiensis 50-1 BON],0.6599788531195487,Thermophilic/Hyperthermophilic,0.999053,CS pos: 32-33. Pr: 0.9628
2587410.0,AEO62210.1,GH6,9.1e-129,1.9e-132,428.4,137:447,310.0,Eukaryota,AEO62210.1 glycoside hydrolase family 6 protein [Thermothielavioides terrestris NRRL 8126],0.6951178155265675,Thermophilic/Hyperthermophilic,0.999796,CS pos: 24-25. Pr: 0.7916
2587410.0,AEO67421.1,GH7,2.5e-143,1.3e-146,476.9,23:397,374.0,Eukaryota,AEO67421.1 glycoside hydrolase family 7 protein [Thermothielavioides terrestris NRRL 8126],0.5214534859517854,Thermophilic/Hyperthermophilic,0.999842,CS pos: 22-23. Pr: 0.9829
2587410.0,AEO67907.1,GH5_1,7.3e-13,1e-15,47.6,110:307,197.0,Eukaryota,AEO67907.1 glycoside hydrolase family 5 protein [Thermothielavioides terrestris NRRL 8126],0.7062614122417623,Thermophilic/Hyperthermophilic,0.999414,CS pos: 16-17. Pr: 0.9697
2587410.0,AEO69079.1,GH12,5.7e-15,1.7e-18,54.6,103:235,132.0,Eukaryota,AEO69079.1 glycosyltransferase family 2 protein [Thermothielavioides terrestris NRRL 8126],0.9205657470757737,Thermophilic/Hyperthermophilic,0.999843,CS pos: 20-21. Pr: 0.9788
2587410.0,AEO70679.1,GH5_5,3.5e-115,2.5e-118,382.9,89:367,278.0,Eukaryota,AEO70679.1 glycoside hydrolase family 5 protein [Thermothielavioides terrestris NRRL 8126],0.5469402975636408,Thermophilic/Hyperthermophilic,0.997505,CS pos: 16-17. Pr: 0.9322
720554.0,AEV67086.1,GH5_4,3.1000000000000003e-106,2.4e-109,352.4,71:348,277.0,Bacteria,AEV67086.1 endoglucanase [Acetivibrio clariflavus DSM 19732],0.569341882722377,Thermophilic/Hyperthermophilic,0.999087,CS pos: 31-32. Pr: 0.9707
720554.0,AEV68203.1,GH9,2.2e-147,8.6e-150,489.3,29:453,424.0,Bacteria,AEV68203.1 thioredoxin domain protein [Acetivibrio clariflavus DSM 19732],0.8083938974504881,Thermophilic/Hyperthermophilic,0.99924,CS pos: 24-25. Pr: 0.9734
720554.0,AEV68415.1,GH9,1.9e-141,7.2e-144,469.8,40:512,472.0,Bacteria,AEV68415.1 dockerin-like protein [Acetivibrio clariflavus DSM 19732],0.5806710058892265,Thermophilic/Hyperthermophilic,0.999086,CS pos: 35-36. Pr: 0.9739
720554.0,AEV68472.1,GH9,8.300000000000001e-133,3.2e-135,441.3,37:516,479.0,Bacteria,"AEV68472.1 Cellulose binding domain-containing protein,dockerin-like protein [Acetivibrio clariflavus DSM 19732]",0.5646245512896673,Thermophilic/Hyperthermophilic,0.999175,CS pos: 33-34. Pr: 0.9724
591197.0,AFH50296.1,GH5_1,4.5e-18,2.8e-21,63.1,79:343,264.0,Bacteria,AFH50296.1 Endoglucanase [Ignavibacterium album JCM 16511],0.7923623015051097,Thermophilic/Hyperthermophilic,0.999192,CS pos: 25-26. Pr: 0.9753
94694.0,AFL66263.1,GH5_1,2e-06,1.4e-09,23.7,66:267,201.0,Archaea,"AFL66263.1 Arabinogalactan endo-1,4-beta-galactosidase [Desulfurococcus amylolyticus DSM 16532]",0.978253696508411,Thermophilic/Hyperthermophilic,0.999107,CS pos: 29-30. Pr: 0.9818
1191523.0,AFN73747.1,GH5_2,9.5e-26,6.7e-29,88.0,60:317,257.0,Bacteria,AFN73747.1 glycoside hydrolase family protein [Melioribacter roseus P3M-2],0.7885102636453494,Thermophilic/Hyperthermophilic,0.999087,CS pos: 22-23. Pr: 0.9712
1191523.0,AFN76067.1,GH9,3.4e-10,6e-13,36.9,424:832,408.0,Bacteria,AFN76067.1 glycoside hydrolase family 9 domain protein [Melioribacter roseus P3M-2],0.6780405696411467,Thermophilic/Hyperthermophilic,0.99907,CS pos: 20-21. Pr: 0.9711
1510.0,AGC68874.1,GH48,0.0,0.0,1057.6,39:654,615.0,Bacteria,AGC68874.1 exoglucanase-2 [Thermoclostridium stercorarium subsp. stercorarium DSM 8532],0.5367084547141459,Thermophilic/Hyperthermophilic,0.951982,CS pos: 34-35. Pr: 0.9512
243274.0,AHD18355.1,GH5_25,9.3e-135,1e-137,445.0,33:311,278.0,Bacteria,AHD18355.1 endoglucanase [Thermotoga maritima MSB8],0.9754359315267364,Thermophilic/Hyperthermophilic,0.832501,CS pos: 22-23. Pr: 0.8077
243274.0,AHD18578.1,GH12,3e-26,3.2e-29,88.9,103:272,169.0,Bacteria,AHD18578.1 endoglucanase [Thermotoga maritima MSB8],0.5060359940085156,Thermophilic/Hyperthermophilic,0.999205,CS pos: 27-28. Pr: 0.7569
195522.0,AHL22547.1,GH5_25,7.2e-17,3.2e-20,58.5,82:271,189.0,Archaea,AHL22547.1 hypothetical protein BD01_0925 [Thermococcus nautili],0.767026986706551,Thermophilic/Hyperthermophilic,0.997453,CS pos: 22-23. Pr: 0.9570
126738.0,AJG41199.1,GH12,1.5999999999999998e-25,1.8000000000000002e-28,86.5,103:271,168.0,Bacteria,AJG41199.1 endoglucanase [Thermotoga sp. RQ7],0.6990149112210767,Thermophilic/Hyperthermophilic,0.999071,CS pos: 17-18. Pr: 0.9763
1677857.0,AUG56624.1,GH5_1,1.2e-57,1.5e-60,193.1,47:284,237.0,Bacteria,AUG56624.1 Endoglucanase E1 precursor [Acetivibrio saccincola],0.6942046869885371,Thermophilic/Hyperthermophilic,0.999235,CS pos: 30-31. Pr: 0.9689
1677857.0,AUG56624.1,GH5_1,5.7e-45,7.3e-48,151.4,292:419,127.0,Bacteria,AUG56624.1 Endoglucanase E1 precursor [Acetivibrio saccincola],0.6942046869885371,Thermophilic/Hyperthermophilic,0.999235,CS pos: 30-31. Pr: 0.9689
1677857.0,AUG56787.1,GH9,1.0999999999999999e-148,4.8e-151,493.4,29:453,424.0,Bacteria,AUG56787.1 Endoglucanase G precursor [Acetivibrio saccincola],0.5438110432602051,Thermophilic/Hyperthermophilic,0.999335,CS pos: 24-25. Pr: 0.9751
1677857.0,AUG56926.1,GH9,1.3e-127,5.800000000000001e-130,423.9,40:518,478.0,Bacteria,AUG56926.1 Endoglucanase 1 precursor [Acetivibrio saccincola],0.8054408615736841,Thermophilic/Hyperthermophilic,0.832382,CS pos: 33-34. Pr: 0.6470
1677857.0,AUG57328.1,GH9,2.1e-173,9.4e-176,574.8,30:461,431.0,Bacteria,AUG57328.1 Endoglucanase Z precursor [Acetivibrio saccincola],0.6714203923855205,Thermophilic/Hyperthermophilic,0.999148,CS pos: 26-27. Pr: 0.9525
1677857.0,AUG57358.1,GH9,9.4e-170,4.2e-172,562.7,29:462,433.0,Bacteria,AUG57358.1 Endoglucanase 1 precursor [Acetivibrio saccincola],0.7957433410595359,Thermophilic/Hyperthermophilic,0.999254,CS pos: 26-27. Pr: 0.9757
1677857.0,AUG57501.1,GH9,4.8e-104,2.2e-106,346.2,854:1293,439.0,Bacteria,"AUG57501.1 Cellulose 1,4-beta-cellobiosidase precursor [Acetivibrio saccincola]",0.6828230688301757,Thermophilic/Hyperthermophilic,0.999122,CS pos: 25-26. Pr: 0.9771
1677857.0,AUG57562.1,GH9,1.4e-149,6.2e-152,496.3,49:471,422.0,Bacteria,AUG57562.1 Endoglucanase 1 precursor [Acetivibrio saccincola],0.8688916648607578,Thermophilic/Hyperthermophilic,0.999151,CS pos: 38-39. Pr: 0.9693
1677857.0,AUG57808.1,GH9,3.1e-133,1.3999999999999998e-135,442.4,39:510,471.0,Bacteria,AUG57808.1 Endoglucanase 1 precursor [Acetivibrio saccincola],0.5739107344169334,Thermophilic/Hyperthermophilic,0.999133,CS pos: 35-36. Pr: 0.9612
1677857.0,AUG57819.1,GH5_4,2.8e-103,3.6e-106,342.4,64:340,276.0,Bacteria,AUG57819.1 Endoglucanase E precursor [Acetivibrio saccincola],0.6780165426752336,Thermophilic/Hyperthermophilic,0.998776,CS pos: 31-32. Pr: 0.9547
454194.0,CDM67132.1,GH5_25,7.7e-37,4.8e-40,124.5,45:265,220.0,Bacteria,CDM67132.1 endoglucanase [Pyrinomonas methylaliphatogenes],0.8534850034964012,Thermophilic/Hyperthermophilic,0.999166,CS pos: 32-33. Pr: 0.9670
454194.0,CDM67132.1,GH5_25,3.4e-09,2.1e-12,33.8,274:359,85.0,Bacteria,CDM67132.1 endoglucanase [Pyrinomonas methylaliphatogenes],0.8534850034964012,Thermophilic/Hyperthermophilic,0.999166,CS pos: 32-33. Pr: 0.9670
1564487.0,CRZ35394.1,GH48,0.0,0.0,1053.2,41:656,615.0,Bacteria,CRZ35394.1 Exoglucanase-2 [Herbinix hemicellulosilytica],0.5702246176270557,Thermophilic/Hyperthermophilic,0.999174,CS pos: 36-37. Pr: 0.9718
246969.0,EEB73588.2,GH12,2.1e-22,9.5e-26,76.6,125:283,158.0,Archaea,"EEB73588.2 endo-1,4-beta-glucanase b [Thermococcus sp. AM4]",0.9065258899908484,Thermophilic/Hyperthermophilic,0.999135,CS pos: 29-30. Pr: 0.9463
209285.0,EGS18473.1,GH6,5.1e-131,2.1000000000000001e-134,435.3,132:442,310.0,Eukaryota,"EGS18473.1 cellulose 1,4-beta-cellobiosidase II-like protein [Thermochaetoides thermophila DSM 1495]",0.6031412052011513,Thermophilic/Hyperthermophilic,0.999794,CS pos: 24-25. Pr: 0.9352
209285.0,EGS20050.1,GH45,8.8e-89,2.5e-92,295.7,23:220,197.0,Eukaryota,EGS20050.1 cellulase-like protein [Thermochaetoides thermophila DSM 1495],0.7424544700871661,Thermophilic/Hyperthermophilic,0.999825,CS pos: 21-22. Pr: 0.9731
209285.0,EGS20370.1,GH12,1.3e-16,1.8e-20,59.6,118:268,150.0,Eukaryota,EGS20370.1 hypothetical protein CTHT_0021970 [Thermochaetoides thermophila DSM 1495],0.8411907833387738,Thermophilic/Hyperthermophilic,0.999826,CS pos: 22-23. Pr: 0.9764
364901.0,GAA3896681.1,GH6,2.5e-41,1.2e-44,140.6,193:482,289.0,Bacteria,GAA3896681.1 hypothetical protein GCM10022244_03560 [Streptomyces gulbargensis],0.9481935987706444,Thermophilic/Hyperthermophilic,0.998181,CS pos: 30-31. Pr: 0.9713
364901.0,GAA3904881.1,GH9,7.5e-119,1.2e-122,396.0,272:740,468.0,Bacteria,GAA3904881.1 cellulase [Streptomyces gulbargensis],0.9184510582104792,Thermophilic/Hyperthermophilic,0.999137,CS pos: 29-30. Pr: 0.9703
364901.0,GAA3905559.1,GH6,5.1e-64,2.5000000000000003e-67,215.1,180:468,288.0,Bacteria,"GAA3905559.1 cellulose 1,4-beta-cellobiosidase [Streptomyces gulbargensis]",0.7223139448068352,Thermophilic/Hyperthermophilic,0.829727,CS pos: 33-34. Pr: 0.8040
364901.0,GAA3905568.1,GH5_5,2.1e-10,2.1e-13,38.7,175:332,157.0,Bacteria,GAA3905568.1 cellulase family glycosylhydrolase [Streptomyces gulbargensis],0.9595164001413244,Thermophilic/Hyperthermophilic,0.997707,CS pos: 17-18. Pr: 0.9543
364901.0,GAA3905578.1,GH48,1.2e-282,1.8999999999999999e-286,937.5,346:974,628.0,Bacteria,GAA3905578.1 glycoside hydrolase family 48 protein [Streptomyces gulbargensis],0.9669230386032528,Thermophilic/Hyperthermophilic,0.995588,CS pos: 44-45. Pr: 0.9144
364901.0,GAA3919708.1,GH5_1,6.6e-23,4.3e-26,79.9,43:296,253.0,Bacteria,GAA3919708.1 hypothetical protein GCM10022244_30990 [Streptomyces gulbargensis],0.9429144974251732,Thermophilic/Hyperthermophilic,0.999106,CS pos: 26-27. Pr: 0.9874
364901.0,GAA3940599.1,GH5_4,1.8e-06,1.2e-09,25.9,66:142,76.0,Bacteria,GAA3940599.1 hypothetical protein GCM10022244_55840 [Streptomyces gulbargensis],0.9999941408062124,Thermophilic/Hyperthermophilic,0.998877,CS pos: 35-36. Pr: 0.4792
364901.0,GAA3940599.1,GH5_1,4.6e-06,3e-09,24.6,173:369,196.0,Bacteria,GAA3940599.1 hypothetical protein GCM10022244_55840 [Streptomyces gulbargensis],0.9999941408062124,Thermophilic/Hyperthermophilic,0.998877,CS pos: 35-36. Pr: 0.4792
547461.0,GAA4133577.1,GH12,1.5e-36,2.3e-40,124.0,100:247,147.0,Bacteria,GAA4133577.1 cellulose binding domain-containing protein [Actinomadura keratinilytica],0.939678252465311,Thermophilic/Hyperthermophilic,0.999152,CS pos: 24-25. Pr: 0.9751
547461.0,GAA4135145.1,GH6,2e-64,9.4e-68,216.5,166:447,281.0,Bacteria,"GAA4135145.1 cellulose 1,4-beta-cellobiosidase [Actinomadura keratinilytica]",0.5667853276656261,Thermophilic/Hyperthermophilic,0.996872,CS pos: 33-34. Pr: 0.9335
547461.0,GAA4135145.1,GH6,4.6e-16,2.2e-19,57.7,451:514,63.0,Bacteria,"GAA4135145.1 cellulose 1,4-beta-cellobiosidase [Actinomadura keratinilytica]",0.5667853276656261,Thermophilic/Hyperthermophilic,0.996872,CS pos: 33-34. Pr: 0.9335
547461.0,GAA4135160.1,GH48,1.1e-274,1.7e-278,911.2,341:975,634.0,Bacteria,GAA4135160.1 glycoside hydrolase family 48 protein [Actinomadura keratinilytica],0.959874396567894,Thermophilic/Hyperthermophilic,0.997107,CS pos: 37-38. Pr: 0.9688
547461.0,GAA4141977.1,GH6,6.8e-56,3.200000000000001e-59,188.4,69:388,319.0,Bacteria,GAA4141977.1 glycoside hydrolase family 6 protein [Actinomadura keratinilytica],0.9940974489485512,Thermophilic/Hyperthermophilic,0.998959,CS pos: 27-28. Pr: 0.9795
547461.0,GAA4148641.1,GH5_1,1.4e-18,6.5e-22,65.7,45:295,250.0,Bacteria,GAA4148641.1 hypothetical protein GCM10022416_43110 [Actinomadura keratinilytica],0.8370938308235844,Thermophilic/Hyperthermophilic,0.99919,CS pos: 32-33. Pr: 0.9743
547461.0,GAA4151262.1,GH5_1,2.3e-110,1.1e-113,367.1,47:380,333.0,Bacteria,GAA4151262.1 cellulase family glycosylhydrolase [Actinomadura keratinilytica],0.7414718329513171,Thermophilic/Hyperthermophilic,0.999214,CS pos: 31-32. Pr: 0.9701
644383.0,GCE50102.1,GH5_1,8.799999999999999e-120,2.8e-123,398.1,49:368,319.0,Bacteria,GCE50102.1 hypothetical protein KTH_49710 [Thermosporothrix hazakensis],0.5296428657102257,Thermophilic/Hyperthermophilic,0.999173,CS pos: 37-38. Pr: 0.9682
644383.0,GCE50103.1,GH6,4.6e-69,7.3e-73,231.7,207:495,288.0,Bacteria,GCE50103.1 glucanase [Thermosporothrix hazakensis],0.8144776615746062,Thermophilic/Hyperthermophilic,0.998387,CS pos: 41-42. Pr: 0.9675
644383.0,GCE50103.1,GH6,1.7e-15,2.6e-19,55.8,507:566,59.0,Bacteria,GCE50103.1 glucanase [Thermosporothrix hazakensis],0.8144776615746062,Thermophilic/Hyperthermophilic,0.998387,CS pos: 41-42. Pr: 0.9675
644383.0,GCE50128.1,GH48,1.4e-276,2.2e-280,917.4,46:671,625.0,Bacteria,GCE50128.1 hypothetical protein KTH_49970 [Thermosporothrix hazakensis],0.9414008855569006,Thermophilic/Hyperthermophilic,0.99874,CS pos: 37-38. Pr: 0.9567
644383.0,GCE50334.1,GH12,9.599999999999999e-41,3e-44,137.6,111:258,147.0,Bacteria,GCE50334.1 hypothetical protein KTH_52030 [Thermosporothrix hazakensis],0.6097433942947479,Thermophilic/Hyperthermophilic,0.99927,CS pos: 31-32. Pr: 0.9744
644383.0,GCE51262.1,GH9,4.6e-171,7.299999999999998e-175,568.1,40:475,435.0,Bacteria,GCE51262.1 endoglucanase [Thermosporothrix hazakensis],0.5309531970538947,Thermophilic/Hyperthermophilic,0.998971,CS pos: 36-37. Pr: 0.9725
1670455.0,GGT92508.1,GH12,3.9e-06,3.5e-09,24.0,332:426,94.0,Archaea,GGT92508.1 hypothetical protein GCM10007116_07820 [Sulfodiicoccus acidiphilus],0.947777291079131,Thermophilic/Hyperthermophilic,0.999257,CS pos: 22-23. Pr: 0.9677
1670455.0,GGT94270.1,GH12,2.4e-08,2.1e-11,31.1,147:316,169.0,Archaea,GGT94270.1 hypothetical protein GCM10007116_09820 [Sulfodiicoccus acidiphilus],0.8838717715576141,Thermophilic/Hyperthermophilic,0.773112,CS pos: 25-26. Pr: 0.3671
185696.0,GHE77751.1,GH12,7.100000000000002e-22,9.4e-26,76.7,88:230,142.0,Bacteria,GHE77751.1 hypothetical protein GCM10017786_04080 [Amycolatopsis deserti],0.8991056478128928,Thermophilic/Hyperthermophilic,0.837221,CS pos: 10-11. Pr: 0.7877
176598.0,KAF1690705.1,GH9,1.3e-19,1e-22,67.8,357:811,454.0,Bacteria,KAF1690705.1 glycoside hydrolase [Pseudoxanthomonas taiwanensis],0.9930351687778524,Thermophilic/Hyperthermophilic,0.99904,CS pos: 26-27. Pr: 0.9724
176598.0,KAF1690986.1,GH9,7e-103,5.2e-106,342.2,120:571,451.0,Bacteria,KAF1690986.1 cellulase [Pseudoxanthomonas taiwanensis],0.9916306655439384,Thermophilic/Hyperthermophilic,0.999132,CS pos: 28-29. Pr: 0.9737
85995.0,KAL2115394.1,GH45,4.5e-89,8.2e-93,297.3,23:221,198.0,Eukaryota,KAL2115394.1 hypothetical protein VTJ04DRAFT_9649 [Mycothermus thermophilus],0.5423596695042814,Thermophilic/Hyperthermophilic,0.999823,CS pos: 21-22. Pr: 0.9545
85995.0,KAL2119084.1,GH7,2.9e-124,1.3e-127,414.2,338:782,444.0,Eukaryota,KAL2119084.1 hypothetical protein VTJ04DRAFT_6044 [Mycothermus thermophilus],0.6056834569539967,Thermophilic/Hyperthermophilic,0.999821,CS pos: 20-21. Pr: 0.8369
85995.0,KAL2120063.1,GH6,4.5e-126,1.5999999999999998e-129,419.7,131:442,311.0,Eukaryota,KAL2120063.1 hypothetical protein VTJ04DRAFT_7024 [Mycothermus thermophilus],0.6321382461095639,Thermophilic/Hyperthermophilic,0.999777,CS pos: 23-24. Pr: 0.9268
85995.0,KAL2123475.1,GH12,7.5e-11,1.4e-14,41.4,131:271,140.0,Eukaryota,KAL2123475.1 hypothetical protein VTJ04DRAFT_3930 [Mycothermus thermophilus],0.9430026275415254,Thermophilic/Hyperthermophilic,0.999845,CS pos: 22-23. Pr: 0.9624
72144.0,KAL2265053.1,GH45,7.8e-91,2e-94,302.5,23:220,197.0,Eukaryota,KAL2265053.1 hypothetical protein VTJ83DRAFT_7563 [Remersonia thermophila],0.7657864385948204,Thermophilic/Hyperthermophilic,0.999986,CS pos: 22-23. Pr: 0.6196
68825.0,KKA17010.1,GH5_4,5.4e-66,5.5e-69,221.7,114:384,270.0,Eukaryota,KKA17010.1 Cellulase [Rasamsonia emersonii CBS 393.64],0.7440807264951186,Thermophilic/Hyperthermophilic,0.999078,CS pos: 18-19. Pr: 0.9536
68825.0,KKA21438.1,GH12,5.6e-42,5.6999999999999995e-46,142.2,100:249,149.0,Eukaryota,"KKA21438.1 Xyloglucan-specific endo-beta-1,4-glucanase [Rasamsonia emersonii CBS 393.64]",0.6269867978998432,Thermophilic/Hyperthermophilic,0.999835,CS pos: 30-31. Pr: 0.7939
68825.0,KKA22890.1,GH45,3.8e-60,3.8e-64,202.7,22:221,199.0,Eukaryota,KKA22890.1 Endoglucanase [Rasamsonia emersonii CBS 393.64],0.7775789628075358,Thermophilic/Hyperthermophilic,0.999844,CS pos: 20-21. Pr: 0.9749
68825.0,KKA23812.1,GH6,6.4e-133,6.5e-137,442.0,116:425,309.0,Eukaryota,"KKA23812.1 Cellulose 1,4-beta-cellobiosidase (non-reducing end) [Rasamsonia emersonii CBS 393.64]",0.6573918772916394,Thermophilic/Hyperthermophilic,0.99967,CS pos: 19-20. Pr: 0.9783
35825.0,KNY25262.1,GH9,1.3000000000000002e-145,9.4e-148,484.1,29:451,422.0,Bacteria,KNY25262.1 Cellulase [Pseudobacteroides cellulosolvens ATCC 35603 = DSM 2933],0.5576621488441614,Thermophilic/Hyperthermophilic,0.999265,CS pos: 24-25. Pr: 0.9743
35825.0,KNY25560.1,GH9,1.4999999999999998e-147,1e-149,490.5,30:452,422.0,Bacteria,KNY25560.1 Cellulase [Pseudobacteroides cellulosolvens ATCC 35603 = DSM 2933],0.7244739324658458,Thermophilic/Hyperthermophilic,0.999269,CS pos: 25-26. Pr: 0.9733
35825.0,KNY26068.1,GH9,5.8999999999999985e-173,4.1e-175,574.2,36:467,431.0,Bacteria,KNY26068.1 Cellulase [Pseudobacteroides cellulosolvens ATCC 35603 = DSM 2933],0.6456236443506236,Thermophilic/Hyperthermophilic,0.999244,CS pos: 32-33. Pr: 0.9761
872965.0,KPL88393.1,GH9,4.2e-170,1.5999999999999998e-173,563.6,36:473,437.0,Bacteria,KPL88393.1 endoglucanase [Ardenticatena maritima],0.992721649278755,Thermophilic/Hyperthermophilic,0.753982,CS pos: 32-33. Pr: 0.6653
872965.0,KPL88683.1,GH5_1,9.5e-119,1.0999999999999999e-121,393.4,38:362,324.0,Bacteria,KPL88683.1 hypothetical protein SE16_06155 [Ardenticatena maritima],0.9081495445192372,Thermophilic/Hyperthermophilic,0.999251,CS pos: 26-27. Pr: 0.9548
1411118.0,MBA9001608.1,GH48,1.5e-269,2.2e-273,894.3,336:970,634.0,Bacteria,MBA9001608.1 plastocyanin [Actinomadura cellulosilytica],0.9290380777242478,Thermophilic/Hyperthermophilic,0.99828,CS pos: 33-34. Pr: 0.9710
1411118.0,MBA9004146.1,GH12,4.8e-34,7e-38,116.0,107:255,148.0,Bacteria,MBA9004146.1 hypothetical protein HNR21_003028 [Actinomadura cellulosilytica],0.9769271177496924,Thermophilic/Hyperthermophilic,0.999211,CS pos: 31-32. Pr: 0.9700
1411118.0,MBA9004582.1,GH6,1.1e-57,3.1e-61,194.5,54:375,321.0,Bacteria,MBA9004582.1 endoglucanase [Actinomadura cellulosilytica],0.9326354428167156,Thermophilic/Hyperthermophilic,0.99892,CS pos: 32-33. Pr: 0.9701
1411118.0,MBA9005569.1,GH5_1,3e-20,1.3e-23,71.3,35:288,253.0,Bacteria,"MBA9005569.1 mannan endo-1,4-beta-mannosidase [Actinomadura cellulosilytica]",0.772507110761664,Thermophilic/Hyperthermophilic,0.999246,CS pos: 25-26. Pr: 0.9777
1485586.0,MBB0229008.1,GH6,2.3999999999999998e-54,1.8e-57,183.1,59:325,266.0,Bacteria,MBB0229008.1 cellobiohydrolase [Streptomyces calidiresistens],0.9703329746103148,Thermophilic/Hyperthermophilic,0.998304,CS pos: 46-47. Pr: 0.9443
1485586.0,MBB0230075.1,GH6,3.2e-54,2.4e-57,182.7,85:393,308.0,Bacteria,MBB0230075.1 glycoside hydrolase [Streptomyces calidiresistens],0.9727761868358672,Thermophilic/Hyperthermophilic,0.827629,CS pos: 51-52. Pr: 0.7393
1485586.0,MBB0230886.1,GH9,3.3e-120,1.9e-123,400.3,269:739,470.0,Bacteria,MBB0230886.1 glycosyl hydrolase family 5 [Streptomyces calidiresistens],0.895330511470347,Thermophilic/Hyperthermophilic,0.999142,CS pos: 20-21. Pr: 0.9761
1485586.0,MBB0232052.1,GH9,2.4e-66,1.2999999999999998e-69,222.8,132:589,457.0,Bacteria,MBB0232052.1 hypothetical protein FOE67_21780 [Streptomyces calidiresistens],0.996397959153388,Thermophilic/Hyperthermophilic,0.998545,CS pos: 37-38. Pr: 0.9605
1485586.0,MBB0232309.1,GH5_4,1.4e-81,5.5e-85,271.9,74:354,280.0,Bacteria,MBB0232309.1 cellulase family glycosylhydrolase [Streptomyces calidiresistens],0.8616148172125047,Thermophilic/Hyperthermophilic,0.999074,CS pos: 30-31. Pr: 0.9748
1562603.0,MBB3061775.1,GH9,4.3000000000000005e-161,3.8000000000000014e-164,534.7,23:461,438.0,Bacteria,MBB3061775.1 hypothetical protein FHS09_002615 [Microbulbifer rhizosphaerae],0.6743971337551317,Thermophilic/Hyperthermophilic,0.99899,CS pos: 22-23. Pr: 0.9736
1073253.0,MBB5132691.1,GH9,2.7e-120,7.900000000000001e-124,401.5,277:739,462.0,Bacteria,MBB5132691.1 endoglucanase [Thermocatellispora tengchongensis],0.9206179115390536,Thermophilic/Hyperthermophilic,0.999001,CS pos: 33-34. Pr: 0.9181
1073253.0,MBB5134243.1,GH5_1,4.3e-18,2.5e-21,64.8,31:291,260.0,Bacteria,"MBB5134243.1 mannan endo-1,4-beta-mannosidase, partial [Thermocatellispora tengchongensis]",0.529157531846133,Thermophilic/Hyperthermophilic,0.999289,CS pos: 28-29. Pr: 0.9764
1073253.0,MBB5134244.1,GH48,1.3e-258,2.5e-262,858.8,357:999,642.0,Bacteria,MBB5134244.1 hypothetical protein HNP84_003976 [Thermocatellispora tengchongensis],0.976811263980792,Thermophilic/Hyperthermophilic,0.997124,CS pos: 33-34. Pr: 0.9657
1073253.0,MBB5135258.1,GH6,1.4999999999999998e-68,4.3e-72,230.7,377:661,284.0,Bacteria,"MBB5135258.1 cellulose 1,4-beta-cellobiosidase [Thermocatellispora tengchongensis]",0.7575038874254221,Thermophilic/Hyperthermophilic,0.997651,CS pos: 34-35. Pr: 0.9692
1073253.0,MBB5135258.1,GH6,5.2e-17,1.5e-20,61.4,662:728,66.0,Bacteria,"MBB5135258.1 cellulose 1,4-beta-cellobiosidase [Thermocatellispora tengchongensis]",0.7575038874254221,Thermophilic/Hyperthermophilic,0.997651,CS pos: 34-35. Pr: 0.9692
1073253.0,MBB5135738.1,GH5_2,1.1e-82,6.1e-86,276.2,157:401,244.0,Bacteria,MBB5135738.1 endoglucanase [Thermocatellispora tengchongensis],0.6717737645968795,Thermophilic/Hyperthermophilic,0.997686,CS pos: 29-30. Pr: 0.9756
1073253.0,MBB5135887.1,GH6,2.1e-65,6e-69,220.4,40:305,265.0,Bacteria,MBB5135887.1 endoglucanase [Thermocatellispora tengchongensis],0.8668498669966651,Thermophilic/Hyperthermophilic,0.998949,CS pos: 30-31. Pr: 0.8007
1073253.0,MBB5138800.1,GH5_1,1.2e-106,7.2e-110,355.6,53:389,336.0,Bacteria,MBB5138800.1 endoglucanase [Thermocatellispora tengchongensis],0.8069078331274929,Thermophilic/Hyperthermophilic,0.999003,CS pos: 38-39. Pr: 0.9655
1073253.0,MBB5138801.1,GH48,1.6e-291,3.2e-295,967.4,357:978,621.0,Bacteria,MBB5138801.1 hypothetical protein HNP84_008559 [Thermocatellispora tengchongensis],0.8317686259627368,Thermophilic/Hyperthermophilic,0.973107,CS pos: 43-44. Pr: 0.9555
1073253.0,MBB5138802.1,GH9,1.6000000000000002e-170,4.7e-174,567.0,32:467,435.0,Bacteria,MBB5138802.1 endoglucanase [Thermocatellispora tengchongensis],0.929793228042088,Thermophilic/Hyperthermophilic,0.99917,CS pos: 27-28. Pr: 0.9742
1073253.0,MBB5138921.1,GH9,5.9e-46,1.6999999999999998e-49,156.6,127:581,454.0,Bacteria,MBB5138921.1 endoglucanase [Thermocatellispora tengchongensis],0.9926075109888218,Thermophilic/Hyperthermophilic,0.99913,CS pos: 33-34. Pr: 0.9718
1661150.0,MFD1678098.1,GH44,1e-73,2e-77,247.1,205:604,399.0,Bacteria,MFD1678098.1 glycoside hydrolase family 44 protein [Alicyclobacillus fodiniaquatilis],0.7846999289996035,Thermophilic/Hyperthermophilic,0.999054,CS pos: 32-33. Pr: 0.9737
1661150.0,MFD1678098.1,GH44,6.3e-11,1.2e-14,39.9,34:156,122.0,Bacteria,MFD1678098.1 glycoside hydrolase family 44 protein [Alicyclobacillus fodiniaquatilis],0.7846999289996035,Thermophilic/Hyperthermophilic,0.999054,CS pos: 32-33. Pr: 0.9737
1324935.0,NGO38857.1,GH5_1,8.9e-12,1.9e-14,42.2,69:352,283.0,Bacteria,NGO38857.1 glycoside hydrolase family 5 protein [Limisphaera ngatamarikiensis],0.977155691893951,Thermophilic/Hyperthermophilic,0.832372,CS pos: 25-26. Pr: 0.8098
1324935.0,NGO39527.1,GH5_25,1.5e-27,3.8e-30,93.9,266:507,241.0,Bacteria,NGO39527.1 glycoside hydrolase family 5 protein [Limisphaera ngatamarikiensis],0.9999988844848718,Thermophilic/Hyperthermophilic,0.99794,CS pos: 42-43. Pr: 0.3922
1324935.0,NGO39974.1,GH5_25,1.3e-96,3.3e-99,320.4,33:308,275.0,Bacteria,NGO39974.1 glycoside hydrolase family 5 protein [Limisphaera ngatamarikiensis],0.6709647813950703,Thermophilic/Hyperthermophilic,0.999339,CS pos: 23-24. Pr: 0.9818
425468.0,ORA20077.1,GH6,1.1e-63,2e-67,213.8,55:318,263.0,Bacteria,"ORA20077.1 1,4-beta-glucanase [Mycobacterium arosiense ATCC BAA-1401 = DSM 45069]",0.779561806040478,Thermophilic/Hyperthermophilic,0.853783,CS pos: 34-35. Pr: 0.8067
253108.0,OVE86287.1,GH9,5.5e-77,1.5e-80,257.3,139:635,496.0,Archaea,OVE86287.1 hypothetical protein B2G88_05765 [Natronolimnobius baerhuensis],0.5780406773013976,Thermophilic/Hyperthermophilic,0.832478,CS pos: 20-21. Pr: 0.7912
1378066.0,PPS39583.1,GH5_2,5.399999999999999e-31,4.9000000000000005e-34,105.8,55:321,266.0,Bacteria,PPS39583.1 hypothetical protein B1A85_22055 [Chroococcidiopsis sp. TS-821],0.545821997544973,Thermophilic/Hyperthermophilic,0.841113,CS pos: 40-41. Pr: 0.9047
58112.0,PRX00792.1,GH5_1,4.7e-18,2.4e-21,63.9,41:294,253.0,Bacteria,"PRX00792.1 UNVERIFIED_ORG: mannan endo-1,4-beta-mannosidase [Actinomadura viridilutea]",0.952517244274629,Thermophilic/Hyperthermophilic,0.999257,CS pos: 30-31. Pr: 0.9767
58112.0,PRX06196.1,GH6,8.5e-58,4.4e-61,194.6,78:398,320.0,Bacteria,PRX06196.1 UNVERIFIED_ORG: endoglucanase [Actinomadura viridilutea],0.9720075223331422,Thermophilic/Hyperthermophilic,0.998561,CS pos: 34-35. Pr: 0.9647
58112.0,PRX06239.1,GH48,2.1000000000000002e-277,3.5e-281,920.1,341:975,634.0,Bacteria,"PRX06239.1 UNVERIFIED_ORG: cellulose 1,4-beta-cellobiosidase [Actinomadura viridilutea]",0.9427761009026846,Thermophilic/Hyperthermophilic,0.99265,CS pos: 37-38. Pr: 0.9370
1004304.0,PZX64826.1,GH9,1.4999999999999998e-91,5.3e-95,305.0,113:570,457.0,Bacteria,PZX64826.1 endoglucanase [Hydrotalea sandarakina],0.5353367693535906,Thermophilic/Hyperthermophilic,0.99918,CS pos: 21-22. Pr: 0.9778
41675.0,QGR19734.1,GH12,4.7e-09,2.3e-12,33.3,158:328,170.0,Archaea,QGR19734.1 hypothetical protein D1868_06830 [Stygiolobus azoricus],0.6751502056619434,Thermophilic/Hyperthermophilic,0.653243,CS pos: 27-28. Pr: 0.4479
696763.0,REF37706.1,GH9,4.4e-116,1.2e-119,386.2,152:621,469.0,Bacteria,REF37706.1 endoglucanase [Thermasporomyces composti],0.9940464050558252,Thermophilic/Hyperthermophilic,0.999048,CS pos: 25-26. Pr: 0.9780
47854.0,SCL47670.1,GH6,1.5e-36,7.2e-40,124.9,51:267,216.0,Bacteria,SCL47670.1 endoglucanase [Micromonospora chersina],0.9929693915833604,Thermophilic/Hyperthermophilic,0.832177,CS pos: 34-35. Pr: 0.8065
47854.0,SCL47670.1,GH6,5.2e-22,2.6e-25,77.1,297:386,89.0,Bacteria,SCL47670.1 endoglucanase [Micromonospora chersina],0.9929693915833604,Thermophilic/Hyperthermophilic,0.832177,CS pos: 34-35. Pr: 0.8065
47854.0,SCL50147.1,GH6,1.4e-53,6.9e-57,180.8,48:315,267.0,Bacteria,SCL50147.1 endoglucanase [Micromonospora chersina],0.9340251724093004,Thermophilic/Hyperthermophilic,0.998394,CS pos: 36-37. Pr: 0.9544
47854.0,SCL54748.1,GH9,7.300000000000001e-118,2.4e-121,392.7,276:749,473.0,Bacteria,SCL54748.1 Carbohydrate binding domain-containing protein [Micromonospora chersina],0.9452436984587403,Thermophilic/Hyperthermophilic,0.998774,CS pos: 29-30. Pr: 0.9636
47854.0,SCL56707.1,GH5_1,8.200000000000002e-22,4e-25,76.3,34:291,257.0,Bacteria,"SCL56707.1 mannan endo-1,4-beta-mannosidase [Micromonospora chersina]",0.5921978743073495,Thermophilic/Hyperthermophilic,0.999273,CS pos: 28-29. Pr: 0.9770
47854.0,SCL56928.1,GH9,2e-168,6.6e-172,559.3,47:482,435.0,Bacteria,SCL56928.1 processive endocellulase [Micromonospora chersina],0.9837420714640234,Thermophilic/Hyperthermophilic,0.998331,CS pos: 43-44. Pr: 0.9635
47854.0,SCL57588.1,GH5_1,2e-107,9.900000000000001e-111,357.4,50:386,336.0,Bacteria,SCL57588.1 endoglucanase [Micromonospora chersina],0.8280719744362243,Thermophilic/Hyperthermophilic,0.665993,CS pos: 34-35. Pr: 0.6440
47854.0,SCL59508.1,GH12,1.1e-44,1.8e-48,150.3,105:250,145.0,Bacteria,SCL59508.1 Cellulose binding domain-containing protein [Micromonospora chersina],0.8838761578648028,Thermophilic/Hyperthermophilic,0.999013,CS pos: 30-31. Pr: 0.9670
47854.0,SCL69503.1,GH6,3.9e-58,1.9e-61,195.7,187:474,287.0,Bacteria,SCL69503.1 Cellulase/cellobiase CelA1 [Micromonospora chersina],0.8367907318188663,Thermophilic/Hyperthermophilic,0.997387,CS pos: 37-38. Pr: 0.9671
47854.0,SCL69503.1,GH6,5.2e-18,2.6e-21,64.0,479:541,62.0,Bacteria,SCL69503.1 Cellulase/cellobiase CelA1 [Micromonospora chersina],0.8367907318188663,Thermophilic/Hyperthermophilic,0.997387,CS pos: 37-38. Pr: 0.9671
47854.0,SCL71812.1,GH48,5.1e-276,8.4e-280,915.5,330:953,623.0,Bacteria,"SCL71812.1 cellulose 1,4-beta-cellobiosidase [Micromonospora chersina]",0.9260792948709584,Thermophilic/Hyperthermophilic,0.99762,CS pos: 21-22. Pr: 0.9629
1732.0,SDB31725.1,GH5_2,1.4e-90,5.5e-94,300.0,53:299,246.0,Bacteria,SDB31725.1 endoglucanase [Eubacterium oxidoreducens],0.6312860983743703,Thermophilic/Hyperthermophilic,0.99918,CS pos: 30-31. Pr: 0.9699
2017.0,SHF36272.1,GH6,2.8e-54,4.3e-58,183.2,43:309,266.0,Bacteria,SHF36272.1 Glycosyl hydrolases family 6 [Streptoalloteichus hindustanus],0.917724616326616,Thermophilic/Hyperthermophilic,0.999102,CS pos: 26-27. Pr: 0.9771
2017.0,SHG04458.1,GH5_1,5.2e-11,8e-15,40.9,181:380,199.0,Bacteria,SHG04458.1 endoglycosylceramidase [Streptoalloteichus hindustanus],0.9999997148701956,Thermophilic/Hyperthermophilic,0.999103,CS pos: 29-30. Pr: 0.8156
1848.0,SHK04945.1,GH6,2.3e-51,1.1999999999999999e-54,173.4,56:317,261.0,Bacteria,SHK04945.1 endoglucanase [Pseudonocardia thermophila],0.9189589036211518,Thermophilic/Hyperthermophilic,0.998773,CS pos: 34-35. Pr: 0.8894
633813.0,SHK56826.1,GH9,1.1e-29,8.1e-33,101.0,116:591,475.0,Bacteria,SHK56826.1 beta-glucosidase family 9 [Rhodothermus profundi],0.9743583364214304,Thermophilic/Hyperthermophilic,0.832078,CS pos: 18-19. Pr: 0.7817
1848.0,SHK63702.1,GH12,5.7e-33,1.9e-36,112.3,101:245,144.0,Bacteria,SHK63702.1 Glycosyl hydrolase family 12 [Pseudonocardia thermophila],0.9902843762891572,Thermophilic/Hyperthermophilic,0.99922,CS pos: 25-26. Pr: 0.9746
1848.0,SHL45255.1,GH12,3.2e-29,1.1e-32,100.1,162:308,146.0,Bacteria,SHL45255.1 Glycosyl hydrolase family 12 [Pseudonocardia thermophila],0.969153209148571,Thermophilic/Hyperthermophilic,0.99919,CS pos: 27-28. Pr: 0.9717
1519374.0,SNT74067.1,GH9,3.3e-15,2.2e-18,53.5,396:766,370.0,Bacteria,SNT74067.1 N-terminal ig-like domain of cellulase [Amphiplicatus metriothermophilus],0.991338214683932,Thermophilic/Hyperthermophilic,0.999006,CS pos: 22-23. Pr: 0.9456
1519374.0,SNT74575.1,GH9,1.1e-84,7.7e-88,282.3,278:620,342.0,Bacteria,"SNT74575.1 cellulose 1,4-beta-cellobiosidase [Amphiplicatus metriothermophilus]",0.6986104319261692,Thermophilic/Hyperthermophilic,0.998814,CS pos: 23-24. Pr: 0.9283
1519374.0,SNT74575.1,GH9,8.3e-30,5.600000000000001e-33,101.6,124:275,151.0,Bacteria,"SNT74575.1 cellulose 1,4-beta-cellobiosidase [Amphiplicatus metriothermophilus]",0.6986104319261692,Thermophilic/Hyperthermophilic,0.998814,CS pos: 23-24. Pr: 0.9283
44252.0,SUA85007.1,GH9,2.6999999999999998e-177,2.1000000000000003e-180,588.6,30:465,435.0,Bacteria,SUA85007.1 glycoside hydrolase family protein [Paenibacillus macerans],0.5907325083439953,Thermophilic/Hyperthermophilic,0.832326,CS pos: 25-26. Pr: 0.7691
44252.0,SUA85008.1,GH48,1e-203,1.6e-207,676.8,61:527,466.0,Bacteria,"SUA85008.1 putative cellulose 1,4-beta-cellobiosidase [Paenibacillus macerans]",0.6468665114842765,Thermophilic/Hyperthermophilic,0.997602,CS pos: 37-38. Pr: 0.6055
44252.0,SUA85374.1,GH6,1.3e-64,4.1999999999999985e-68,217.0,53:345,292.0,Bacteria,SUA85374.1 exoglucanase a [Paenibacillus macerans],0.5801795852794229,Thermophilic/Hyperthermophilic,0.999083,CS pos: 33-34. Pr: 0.9752
44252.0,SUD25377.1,GH6,7.7e-67,2.4e-70,224.4,52:341,289.0,Bacteria,SUD25377.1 exoglucanase A [Paenibacillus macerans],0.5845219831972526,Thermophilic/Hyperthermophilic,0.999104,CS pos: 31-32. Pr: 0.9696
1133106.0,TCO80519.1,GH5_25,6.800000000000001e-27,3.5e-30,92.2,43:336,293.0,Bacteria,TCO80519.1 aryl-phospho-beta-D-glucosidase BglC (GH1 family) [Plasticicumulans lactativorans],0.9999867968749704,Thermophilic/Hyperthermophilic,0.999026,CS pos: 40-41. Pr: 0.9708
2493090.0,TNY36470.1,GH6,1e-53,2.2e-57,180.8,51:374,323.0,Bacteria,TNY36470.1 glycoside hydrolase [Thermomonospora catenispora],0.9963915201550674,Thermophilic/Hyperthermophilic,0.99898,CS pos: 31-32. Pr: 0.9735
424188.0,ULR51437.1,GH5_1,1.2e-117,8.5e-121,391.5,59:378,319.0,Bacteria,ULR51437.1 cellulase family glycosylhydrolase [Streptomyces deccanensis],0.6559108915589812,Thermophilic/Hyperthermophilic,0.998652,CS pos: 29-30. Pr: 0.9594
424188.0,ULR54592.1,GH48,1.7e-285,2e-289,947.3,341:969,628.0,Bacteria,ULR54592.1 cellulose binding domain-containing protein [Streptomyces deccanensis],0.938229080471368,Thermophilic/Hyperthermophilic,0.997615,CS pos: 37-38. Pr: 0.9644
424188.0,ULR55187.1,GH9,4.1e-122,4.8e-126,407.2,273:741,468.0,Bacteria,ULR55187.1 glycoside hydrolase family 9 protein [Streptomyces deccanensis],0.7473833455923784,Thermophilic/Hyperthermophilic,0.999155,CS pos: 29-30. Pr: 0.9738
424188.0,ULR55429.1,GH12,9.7e-44,3.3999999999999997e-47,147.7,112:257,145.0,Bacteria,ULR55429.1 cellulose binding domain-containing protein [Streptomyces deccanensis],0.9806436312709512,Thermophilic/Hyperthermophilic,0.998977,CS pos: 37-38. Pr: 0.9654
424188.0,ULR55853.1,GH5_1,7.2e-21,5e-24,73.7,38:287,249.0,Bacteria,ULR55853.1 cellulase family glycosylhydrolase [Streptomyces deccanensis],0.8863803640176576,Thermophilic/Hyperthermophilic,0.999102,CS pos: 23-24. Pr: 0.3557
424188.0,ULR55875.1,GH5_1,1.1e-19,7.6e-23,69.8,37:285,248.0,Bacteria,ULR55875.1 cellulase family glycosylhydrolase [Streptomyces deccanensis],0.6848958990168501,Thermophilic/Hyperthermophilic,0.99921,CS pos: 17-18. Pr: 0.9768
