protein,vina_score,H-Bond residues,No. H-Bonds,pose
A0A1C6VT57,-9.918,"SER262, SER266, ASP307, ASN315, HIS360",5,2
GAA4135145.1,-9.764,"SER236, SER240, ASP281, ASN289, HIS334, ASN343, ASN373, SER546",8,1
D6Y5G2,-9.71,"TYR274, ASN337, HIS378, ASN387, ASN418, ASP549",6,1
KAL2119084.1,-9.125,"ARG448, ASN482, LYS486, ASP520, ASP540, SER716",6,1
D6Y2K0,-9.046,"SER204, GLU205, GLN329, ASP377, TYR477",5,6
G2QW39,-9.042,"ASP257, ASN265, HIS302, ASN341, LYS430, GLU434",6,4
A0A840P6F7,-8.907,"SER456, ASP499, ASN507, HIS547, ASN587, TRP685, LYS712, SER760",8,1
A0A0F4YZV4,-8.789,"ASP149, TYR183, ARG188, ASN243, HIS280, ASN319, LYS408",7,4
GCE50103.1,-8.78,"SER291, ASP334, ASN342, HIS382, GLN583",5,2
G0SD43,-8.695,"ASP252, THR259, ASN260, HIS297, LYS425",5,4
A0A3D9V8T3,-8.444,"TYR385, SER426, TRP432, SER434, GLU607",5,2
GAA3905559.1,-8.382,"ASP301, THR308, ASN309, ASN394, ARG552",5,2
SUA85374.1,-8.375,"ASP133, ASP182, HIS230, ASN270, ASP420",5,2
E4QEF5,-8.165,"HIS84, GLN236, GLU286, TRP320, LYS325",5,1
A0A840P498,-8.122,"ASN128, ASP347, TYR505, HIS668, ARG670, GLU719, TRP721",7,1
A0A0P6YGR8,-8.072,"ARG142, GLU232, GLN285, TRP351, SER357, ASP359",6,1
GAA3904881.1,-8.062,"ARG106, GLU121, TRP553, HIS669, ARG671, TRP722, GLU726",7,1
GCE50102.1,-8.054,"HIS152, GLN159, GLU198, TRP255, GLN289, GLU324, TRP357, SER363, ASP365",9,1
EEB73588.2,-8.028,"ASP60, ASN114, ASN116, GLU156",4,1
AJG41199.1,-7.897,"LYS91, GLU134, GLU152, TRP194",4,5
G2R8K6,-7.897,"ARG131, TYR169, ASP221, GLU224, THR233, HIS235",6,1
D9TIN2,-7.763,"HIS84, GLN236, TYR258, GLU286, GLU327",5,1
E4S4X9,-7.739,"HIS150, GLU286, LYS325, ARG451",4,2
A0A1G6CFY0,-7.721,"TYR98, HIS139, GLU177, GLN218, ASP275, LYS305",6,1
A0A2K9E379,-7.666,"SER232, ASN256, SER258, GLU303",4,1
B5YCT9,-7.637,"GLU96, LYS102, GLU165, GLU265",4,2
ULR55187.1,-7.635,"ARG107, THR119, ASP340, GLU727",4,1
E4Q408,-7.623,"HIS84, TYR115, GLU189, GLN236, TYR258, LYS325",6,2
A0A840P7T8,-7.614,"HIS171, TYR176, TYR202, GLU205, TYR343, GLU368, TRP402, ASP407, ARG409",9,1
D7BT20,-7.588,"GLN479, HIS533, ARG535, TYR586, GLU590",5,2
B9K8K0,-7.573,"SER78, GLU152, GLU250",3,1
B8DZI3,-7.537,"ASN51, GLU147, GLU265",3,1
D7D815,-7.178,"ARG169, GLU214, TRP273, TYR304",4,1
ULR51437.1,-7.045,"ARG165, GLN252, TRP367, SER373, ASP375",5,1
A0A0F4YFW2,-6.943,"ASN108, HIS186, SER189, ASN233, GLU234, ASP385, TYR581",7,1
A0A239PWE5,-6.869,"TYR381, HIS547, ARG549, GLU606",4,1
B5YFI6,-6.801,"HIS126, THR218, TYR242, SER243, GLU286, TRP318",6,1
B8E2L5,-6.689,"ASN49, GLU173, THR218, SER243, TRP318",5,2
A0A7W3T7D7,-6.167,"ASN67, GLU191, ASP318, ASN352",4,1
